arm,held_out,split,postprocessed,model,dice_mean,dice_std,iou_mean,hd95_mean,hd95_std,assd_mean,n,hd95_n,n_empty
unet,jsrt,id_test,False,unet,0.9644806730284373,0.026875563225086323,0.9326020609492915,12.244629827291442,14.988218940363675,2.795069184079163,106,106,0
unet,jsrt,id_test,True,unet,0.9645878323614367,0.026825219603532634,0.9327974823261319,11.88355709883719,14.894538327772782,2.7484238825334577,106,106,0
unet,jsrt,ood_test,False,unet,0.9663620760249313,0.010556783938461921,0.9351107922551086,11.539434528071382,10.456561295478073,2.778307501388354,247,247,0
unet,jsrt,ood_test,True,unet,0.9664224836066704,0.010475474550687326,0.9352209650692462,11.437558088883737,10.002126084963093,2.762799513859207,247,247,0
unet,montgomery,id_test,False,unet,0.965236035290588,0.030112904337735835,0.9342971336983371,13.481804472604269,21.262146504371387,2.785081352059424,122,122,0
unet,montgomery,id_test,True,unet,0.9654182150965461,0.03014679709586421,0.934640397800389,11.459753924614784,15.518298450539328,2.651218462527446,122,122,0
unet,montgomery,ood_test,False,unet,0.9650570724444992,0.02514575997874633,0.9335268496589089,14.365474945520294,18.999775374122336,2.898237542540002,138,138,0
unet,montgomery,ood_test,True,unet,0.9661640850447174,0.023296896477580348,0.935455219871779,11.19804435220197,14.13450470323812,2.644470535151619,138,138,0
unet,shenzhen,id_test,False,unet,0.9758029970738409,0.010377127813712816,0.9529412316554385,8.069963867008571,10.977528168125415,1.9241455395106657,58,58,0
unet,shenzhen,id_test,True,unet,0.9760092033305046,0.009569233734929156,0.9533066452964389,7.0596759620165335,5.21755819949827,1.8539194282026588,58,58,0
unet,shenzhen,ood_test,False,unet,0.9391092068832538,0.045032633273988674,0.8881100397941487,38.74269415885377,42.25780281725084,6.405533205201742,566,566,0
unet,shenzhen,ood_test,True,unet,0.9438532591469329,0.0417752374810676,0.8961125727535886,20.409333784412272,19.63161475134804,4.459300021634745,566,566,0
unet_resnet34_imagenet,jsrt,id_test,False,unet_resnet34,0.9637701223346868,0.026667984943808343,0.9312667908954954,12.438780953112552,15.688777862927125,2.8375385078703252,106,106,0
unet_resnet34_imagenet,jsrt,id_test,True,unet_resnet34,0.96399955923019,0.0265240404508617,0.9316816808973711,11.90562325420992,15.36358565180171,2.796944282561687,106,106,0
unet_resnet34_imagenet,jsrt,ood_test,False,unet_resnet34,0.9672466455708569,0.011884293077243197,0.9368194839964411,10.67631189110621,11.889688668704698,2.7111506268527656,247,247,0
unet_resnet34_imagenet,jsrt,ood_test,True,unet_resnet34,0.9672752440013862,0.012082878445483837,0.9368812168743057,11.392938652622,15.082584246131127,2.767663787963845,247,247,0
unet_resnet34_imagenet,montgomery,id_test,False,unet_resnet34,0.9640882355741616,0.0315902890696767,0.9322869523205523,12.87136802912025,19.48426454607581,2.8270618357802473,122,122,0
unet_resnet34_imagenet,montgomery,id_test,True,unet_resnet34,0.9645311123208888,0.030854051454331916,0.9330411273008012,11.594620705199889,15.35051968493006,2.7325127930778756,122,122,0
unet_resnet34_imagenet,montgomery,ood_test,False,unet_resnet34,0.9683291944973705,0.02046621557069739,0.9393153781255489,10.290243272664428,15.763837990899333,2.514650884912668,138,138,0
unet_resnet34_imagenet,montgomery,ood_test,True,unet_resnet34,0.9687033232945959,0.019141155000050418,0.9399330517035422,9.692586283412988,12.84743517386296,2.4592894683688544,138,138,0
unet_resnet34_imagenet,shenzhen,id_test,False,unet_resnet34,0.9816735193289292,0.005725874809461984,0.9640670414662478,4.659547833219972,2.1892547692418547,1.4013943650957075,58,58,0
unet_resnet34_imagenet,shenzhen,id_test,True,unet_resnet34,0.9816745725957504,0.005724747458234091,0.9640690490472852,4.648985944496069,2.1792200444987806,1.3990084039581603,58,58,0
unet_resnet34_imagenet,shenzhen,ood_test,False,unet_resnet34,0.9483317969340131,0.03431107264516769,0.9035900081943061,36.63938738918991,44.952078165416786,5.634093016128379,566,566,0
unet_resnet34_imagenet,shenzhen,ood_test,True,unet_resnet34,0.9514961649198087,0.03463898472652255,0.9092972371394134,17.762259362631024,22.773097449937865,3.9706006572896118,566,566,0
unet_resnet34_scratch,jsrt,id_test,False,unet_resnet34,0.9643428748966276,0.02699929785918462,0.9323646574611171,12.173085634227919,16.017903425219416,2.779658751245291,106,106,0
unet_resnet34_scratch,jsrt,id_test,True,unet_resnet34,0.9644208854812576,0.02701438807932509,0.9325112929957129,12.323953015826936,16.544364708926977,2.7851859837679016,106,106,0
unet_resnet34_scratch,jsrt,ood_test,False,unet_resnet34,0.9654798722368105,0.0148120280501776,0.9336431066754887,12.403101062245884,15.620862750016759,2.8858046473704113,247,247,0
unet_resnet34_scratch,jsrt,ood_test,True,unet_resnet34,0.9655088784553462,0.01482751648050894,0.933698053777461,12.136273548936908,13.875508183298994,2.849965531371317,247,247,0
unet_resnet34_scratch,montgomery,id_test,False,unet_resnet34,0.9655347378159826,0.028334464493372024,0.9346941504958745,11.581737365129566,14.914024390679321,2.667967980059286,122,122,0
unet_resnet34_scratch,montgomery,id_test,True,unet_resnet34,0.9655363332169927,0.02833438276431727,0.9346971204858167,11.570487797194142,14.898102258959398,2.666420671005692,122,122,0
unet_resnet34_scratch,montgomery,ood_test,False,unet_resnet34,0.9618077776086063,0.0404830040893448,0.928839828784763,15.827018332303403,27.38693129688508,3.1983015902898586,138,138,0
unet_resnet34_scratch,montgomery,ood_test,True,unet_resnet34,0.9610053194080843,0.05576956832920459,0.9288377698239664,13.336496800936455,23.32014892852359,3.09805162955068,138,138,0
unet_resnet34_scratch,shenzhen,id_test,False,unet_resnet34,0.9743365161827687,0.03710461097654503,0.9519820483462643,7.714574416254159,15.978631045442349,1.8792182805317148,58,58,0
unet_resnet34_scratch,shenzhen,id_test,True,unet_resnet34,0.9742901038820678,0.03745280498871822,0.9519275898503237,7.713023458656369,16.193059370403656,1.8991922716093135,58,58,0
unet_resnet34_scratch,shenzhen,ood_test,False,unet_resnet34,0.9345152069302594,0.04767622389856302,0.8804293410217455,43.281095554280405,41.49224190255061,6.621085743530821,566,566,0
unet_resnet34_scratch,shenzhen,ood_test,True,unet_resnet34,0.937384412011673,0.05002348640601898,0.8857085308001529,29.196707045578243,32.65335030093099,5.315103592825386,566,566,0
